imgs/train/bookstore_video0_360.jpg,421,1026,448,1058,Person
imgs/train/gates_video3_960.jpg,268,734,356,846,Person
imgs/train/bookstore_video0_12560.jpg,96,457,134,505,Person
imgs/train/gates_video3_120.jpg,149,137,179,196,Person
imgs/train/gates_video3_3000.jpg,171,809,264,900,Person
imgs/train/bookstore_video0_8000.jpg,357,976,391,1010,Person
imgs/train/bookstore_video0_4200.jpg,367,979,401,1017,Person
imgs/train/gates_video3_2360.jpg,173,859,230,938,Person
imgs/train/coupa_video1_7000.jpg,1364,223,1471,284,Person
imgs/train/bookstore_video3_5880.jpg,84,373,104,424,Person
imgs/train/bookstore_video0_8880.jpg,104,417,134,462,Person
imgs/train/deathCircle_video0_1120.jpg,525,762,572,815,Person
imgs/train/bookstore_video0_6520.jpg,880,621,941,680,Person
imgs/train/coupa_video2_4880.jpg,68,913,140,974,Person
imgs/train/deathCircle_video0_1400.jpg,846,1578,880,1647,Person
imgs/train/little_video0_1480.jpg,818,858,854,921,Person
imgs/train/bookstore_video0_6000.jpg,371,981,403,1022,Person
imgs/train/deathCircle_video0_12600.jpg,950,868,987,933,Person
imgs/train/bookstore_video3_6280.jpg,962,152,995,202,Person
imgs/train/bookstore_video0_6880.jpg,567,981,601,1006,Person
imgs/train/deathCircle_video0_10440.jpg,944,105,975,166,Person
imgs/train/hyang_video6_2760.jpg,812,362,849,395,Person
imgs/train/little_video0_1040.jpg,578,1905,643,1981,Person
imgs/train/coupa_video2_4400.jpg,1798,883,1853,913,Person
imgs/train/hyang_video7_30.jpg,157,780,191,836,Person
imgs/train/bookstore_video0_7320.jpg,261,954,316,997,Person
imgs/train/gates_video3_6160.jpg,125,1076,163,1151,Person
imgs/train/gates_video4_920.jpg,810,49,862,152,Person
imgs/train/bookstore_video3_11120.jpg,844,809,901,883,Person
imgs/train/bookstore_video0_8800.jpg,63,213,100,256,Person
imgs/train/bookstore_video0_8400.jpg,977,840,1012,872,Person
imgs/train/deathCircle_video0_1320.jpg,959,255,991,304,Person
imgs/train/deathCircle_video0_12400.jpg,776,608,808,677,Person
imgs/train/gates_video3_1320.jpg,1133,1042,1175,1134,Person
imgs/train/deathCircle_video2_200.jpg,490,804,546,861,Person
imgs/train/deathCircle_video0_12320.jpg,20,1193,52,1274,Person
imgs/train/deathCircle_video0_2640.jpg,436,1103,486,1176,Person
imgs/train/gates_video3_3840.jpg,1141,1388,1183,1459,Person
imgs/train/deathCircle_video0_5560.jpg,663,1245,708,1323,Person
imgs/train/gates_video3_1680.jpg,157,909,232,1005,Person
imgs/train/coupa_video1_3480.jpg,1806,186,1848,234,Person
imgs/train/coupa_video1_1000.jpg,1826,229,1916,307,Person
imgs/train/hyang_video6_7000.jpg,694,560,753,602,Person
imgs/train/deathCircle_video0_3560.jpg,278,1095,332,1152,Person
imgs/train/coupa_video2_9280.jpg,910,960,984,1017,Person
imgs/train/hyang_video6_3880.jpg,654,197,708,238,Person
imgs/train/deathCircle_video0_12240.jpg,1383,1237,1414,1278,Person
imgs/train/deathCircle_video0_6320.jpg,821,1241,855,1278,Person
imgs/train/gates_video3_1200.jpg,190,729,282,855,Person
imgs/train/bookstore_video0_10040.jpg,506,516,557,580,Car
imgs/train/bookstore_video0_4280.jpg,905,92,939,142,Person
imgs/train/hyang_video5_2800.jpg,1334,1078,1379,1153,Person
imgs/train/bookstore_video0_11800.jpg,688,786,763,850,Person
imgs/train/hyang_video6_4120.jpg,792,268,827,310,Person
imgs/train/deathCircle_video0_3600.jpg,153,1083,212,1148,Person
imgs/train/bookstore_video0_8880.jpg,1212,267,1251,308,Person
imgs/train/bookstore_video0_2920.jpg,577,949,609,990,Person
imgs/train/coupa_video2_8880.jpg,349,933,420,992,Person
imgs/train/hyang_video5_240.jpg,339,862,377,929,Person
imgs/train/deathCircle_video0_6680.jpg,1390,1071,1446,1168,Person
imgs/train/bookstore_video0_11040.jpg,148,732,187,768,Person
imgs/train/bookstore_video3_560.jpg,771,820,835,872,Person
imgs/train/hyang_video5_7960.jpg,700,1638,761,1700,Person
imgs/train/hyang_video6_9680.jpg,110,418,167,455,Person
imgs/train/gates_video3_7640.jpg,865,1292,970,1413,Person
imgs/train/bookstore_video0_6960.jpg,1285,605,1323,646,Person
imgs/train/coupa_video3_210.jpg,1331,148,1372,186,Person
imgs/train/coupa_video2_4720.jpg,1897,1047,1958,1090,Person
imgs/train/coupa_video3_1050.jpg,1094,603,1138,639,Person
imgs/train/deathCircle_video0_3760.jpg,1263,1156,1308,1221,Person
imgs/train/gates_video3_5840.jpg,15,1276,55,1334,Person
imgs/train/deathCircle_video0_5400.jpg,955,1120,996,1176,Person
imgs/train/deathCircle_video0_8840.jpg,1460,125,1500,182,Person
imgs/train/coupa_video1_5600.jpg,1471,186,1540,245,Person
imgs/train/deathCircle_video0_8920.jpg,733,101,781,166,Person
imgs/train/bookstore_video3_200.jpg,1285,640,1320,705,Person
imgs/train/bookstore_video0_1160.jpg,1277,448,1305,498,Person
imgs/train/bookstore_video3_12320.jpg,55,638,100,696,Person
imgs/train/bookstore_video0_6880.jpg,1028,752,1060,795,Person
imgs/train/coupa_video1_7080.jpg,49,437,129,503,Person
imgs/train/deathCircle_video0_5400.jpg,801,1233,830,1278,Person
imgs/train/hyang_video6_4600.jpg,709,563,745,605,Person
imgs/train/hyang_video6_7320.jpg,385,446,426,478,Person
imgs/train/hyang_video5_1640.jpg,397,759,478,821,Person
imgs/train/hyang_video6_6360.jpg,192,58,239,100,Person
imgs/train/bookstore_video3_8960.jpg,157,809,224,883,Person
imgs/train/deathCircle_video0_7200.jpg,613,401,663,503,Person
imgs/train/hyang_video5_3880.jpg,470,1447,543,1534,Person
imgs/train/hyang_video5_10400.jpg,648,1800,720,1932,Person
imgs/train/hyang_video6_8480.jpg,1270,358,1309,401,Person
imgs/train/deathCircle_video0_2680.jpg,907,1189,957,1245,Person
imgs/train/gates_video3_5200.jpg,81,1096,141,1197,Person
imgs/train/deathCircle_video0_9120.jpg,507,661,611,730,Car
imgs/train/deathCircle_video0_7840.jpg,1294,1116,1331,1168,Person
imgs/train/bookstore_video3_4280.jpg,539,831,576,881,Person
imgs/train/deathCircle_video0_7840.jpg,1376,1189,1403,1241,Person
imgs/train/hyang_video5_5840.jpg,743,1849,803,1957,Person
imgs/train/bookstore_video0_10920.jpg,286,74,334,124,Person
imgs/train/deathCircle_video0_720.jpg,794,1684,833,1749,Person
imgs/train/gates_video4_640.jpg,1402,693,1430,763,Person
imgs/train/coupa_video2_5160.jpg,1776,888,1817,954,Person
imgs/train/deathCircle_video0_8520.jpg,880,1392,923,1448,Person
imgs/train/hyang_video6_5480.jpg,763,10,792,47,Person
imgs/train/bookstore_video3_6760.jpg,102,357,123,388,Person
imgs/train/deathCircle_video0_2760.jpg,1043,393,1118,458,Car
imgs/train/bookstore_video0_7760.jpg,344,1022,379,1051,Person
imgs/train/bookstore_video3_6920.jpg,646,944,664,977,Person
imgs/train/bookstore_video3_720.jpg,143,148,216,211,Person
imgs/train/bookstore_video0_10400.jpg,235,630,294,675,Person
imgs/train/deathCircle_video0_10120.jpg,1356,1193,1383,1254,Person
imgs/train/deathCircle_video0_7000.jpg,934,1343,959,1379,Person
imgs/train/bookstore_video0_9040.jpg,901,933,933,972,Person
imgs/train/bookstore_video1_1170.jpg,665,328,714,382,Person
imgs/train/bookstore_video3_1040.jpg,227,807,282,863,Person
imgs/train/hyang_video5_5520.jpg,452,1555,488,1625,Person
imgs/train/gates_video3_1640.jpg,680,1797,729,1906,Person
imgs/train/deathCircle_video0_7840.jpg,726,1355,758,1404,Person
imgs/train/bookstore_video1_210.jpg,361,986,404,1049,Person
imgs/train/deathCircle_video0_4600.jpg,627,1278,674,1331,Person
imgs/train/gates_video3_1000.jpg,779,1305,879,1413,Person
imgs/train/coupa_video1_9000.jpg,508,243,594,286,Person
imgs/train/deathCircle_video0_7760.jpg,760,1302,790,1363,Person
imgs/train/bookstore_video3_14000.jpg,694,458,739,490,Person
imgs/train/bookstore_video3_14160.jpg,1044,483,1083,526,Person
imgs/train/bookstore_video3_11760.jpg,949,833,1059,926,Car
imgs/train/gates_video3_5440.jpg,586,496,654,596,Person
imgs/train/bookstore_video0_7960.jpg,957,625,994,657,Person
imgs/train/bookstore_video3_3200.jpg,958,152,998,200,Person
imgs/train/deathCircle_video0_7560.jpg,955,150,1002,231,Person
imgs/train/hyang_video5_3280.jpg,640,987,672,1049,Person
imgs/train/bookstore_video0_10640.jpg,1079,931,1105,963,Person
imgs/train/hyang_video5_4880.jpg,38,1012,72,1086,Person
imgs/train/little_video0_240.jpg,137,1661,202,1787,Person
imgs/train/deathCircle_video0_11880.jpg,1215,1071,1242,1120,Person
imgs/train/deathCircle_video0_5800.jpg,106,1095,178,1156,Person
imgs/train/bookstore_video3_13760.jpg,148,570,183,618,Person
imgs/train/hyang_video6_2680.jpg,810,362,847,395,Person
imgs/train/bookstore_video0_9480.jpg,441,689,482,718,Person
imgs/train/deathCircle_video0_3240.jpg,1414,1075,1489,1189,Person
imgs/train/gates_video4_320.jpg,1125,1044,1167,1110,Person
imgs/train/hyang_video6_8720.jpg,59,185,108,240,Person
imgs/train/coupa_video2_2920.jpg,1413,828,1452,863,Person
imgs/train/coupa_video1_4120.jpg,1457,15,1540,56,Person
imgs/train/gates_video4_600.jpg,888,1193,940,1296,Person
imgs/train/deathCircle_video0_3080.jpg,237,1006,312,1095,Person
imgs/train/deathCircle_video0_12600.jpg,33,1282,63,1351,Person
imgs/train/deathCircle_video0_3000.jpg,910,1213,975,1314,Person
imgs/train/coupa_video2_5160.jpg,1798,869,1837,926,Person
imgs/train/deathCircle_video0_7880.jpg,790,1209,858,1282,Person
imgs/train/deathCircle_video4_30.jpg,675,913,726,984,Person
imgs/train/bookstore_video3_13000.jpg,574,780,624,815,Person
imgs/train/deathCircle_video0_11160.jpg,1041,235,1079,292,Person
imgs/train/hyang_video6_3760.jpg,1193,70,1227,104,Person
imgs/train/bookstore_video0_10200.jpg,939,931,979,974,Person
imgs/train/coupa_video2_4000.jpg,0,851,30,888,Person
imgs/train/hyang_video5_1680.jpg,959,559,997,647,Person
imgs/train/deathCircle_video0_10160.jpg,522,657,615,726,Car
imgs/train/deathCircle_video0_7840.jpg,862,1712,898,1769,Person
imgs/train/deathCircle_video0_6240.jpg,1464,1099,1519,1152,Person
imgs/train/deathCircle_video0_9960.jpg,181,438,210,503,Person
imgs/train/deathCircle_video0_6880.jpg,876,1359,901,1396,Person
imgs/train/hyang_video5_1440.jpg,823,958,870,1016,Person
imgs/train/bookstore_video3_10600.jpg,170,593,211,645,Person
imgs/train/gates_video3_2040.jpg,147,909,224,1005,Person
imgs/train/hyang_video5_2600.jpg,533,1493,577,1567,Person
imgs/train/little_video1_1230.jpg,207,1029,251,1085,Person
imgs/train/deathCircle_video0_6840.jpg,296,905,341,961,Person
imgs/train/deathCircle_video0_8040.jpg,710,1343,756,1432,Person
imgs/train/gates_video3_5280.jpg,298,667,346,784,Person
imgs/train/bookstore_video0_120.jpg,1093,734,1117,761,Person
imgs/train/coupa_video1_5560.jpg,1465,696,1512,735,Person
imgs/train/deathCircle_video0_3760.jpg,923,243,978,300,Person
imgs/train/coupa_video2_7200.jpg,594,719,668,762,Person
imgs/train/deathCircle_video0_7480.jpg,901,308,932,413,Person
imgs/train/bookstore_video0_8880.jpg,1190,194,1236,244,Person
imgs/train/bookstore_video3_5080.jpg,189,914,244,973,Person
imgs/train/deathCircle_video0_2640.jpg,724,101,769,190,Person
imgs/train/bookstore_video0_440.jpg,583,514,634,564,Person
imgs/train/hyang_video5_960.jpg,959,941,1003,1020,Person
imgs/train/hyang_video6_1960.jpg,1244,422,1280,455,Person
imgs/train/gates_video4_800.jpg,822,491,874,594,Person
imgs/train/bookstore_video3_4320.jpg,719,878,760,930,Person
imgs/train/deathCircle_video0_240.jpg,618,1079,649,1128,Person
imgs/train/deathCircle_video0_440.jpg,964,458,1007,519,Person
imgs/train/bookstore_video0_12040.jpg,939,929,977,974,Person
imgs/train/deathCircle_video0_10440.jpg,230,775,262,840,Person
imgs/train/gates_video3_5520.jpg,395,1026,429,1101,Person
imgs/train/gates_video3_1840.jpg,0,1038,37,1134,Person
imgs/train/coupa_video1_6920.jpg,1166,0,1251,47,Person
imgs/train/bookstore_video0_7840.jpg,1123,56,1178,102,Person
imgs/train/coupa_video2_4960.jpg,404,876,475,935,Person
imgs/train/deathCircle_video0_6400.jpg,160,815,196,860,Person
imgs/train/deathCircle_video0_8400.jpg,903,349,939,434,Person
imgs/train/bookstore_video0_2480.jpg,27,52,67,111,Person
imgs/train/bookstore_video0_1520.jpg,3,330,45,376,Person
imgs/train/deathCircle_video0_3040.jpg,1091,1018,1177,1120,Person
imgs/train/hyang_video6_9640.jpg,1301,319,1360,372,Person
imgs/train/coupa_video1_2200.jpg,363,337,434,398,Person
imgs/train/gates_video3_1560.jpg,232,859,286,942,Person
imgs/train/deathCircle_video0_12360.jpg,749,1245,778,1302,Person
imgs/train/coupa_video3_240.jpg,1328,107,1383,152,Person
imgs/train/bookstore_video0_3840.jpg,692,262,735,303,Person
imgs/train/coupa_video2_7320.jpg,643,872,693,924,Person
imgs/train/coupa_video3_120.jpg,585,368,638,409,Person
imgs/train/gates_video3_3240.jpg,296,1551,342,1626,Person
imgs/train/bookstore_video3_13240.jpg,126,914,190,977,Person
imgs/train/gates_video3_3720.jpg,1149,1071,1175,1130,Person
imgs/train/coupa_video2_7120.jpg,321,1008,396,1047,Person
imgs/train/bookstore_video3_2880.jpg,1002,393,1052,431,Person
imgs/train/hyang_video5_8000.jpg,1031,850,1062,958,Person
imgs/train/gates_video3_4040.jpg,612,1605,662,1664,Person
imgs/train/coupa_video1_8440.jpg,602,1033,715,1090,Person
imgs/train/coupa_video2_9240.jpg,712,944,811,1001,Person
imgs/train/deathCircle_video0_8320.jpg,1399,1185,1442,1237,Person
imgs/train/gates_video3_3360.jpg,469,813,513,892,Person
imgs/train/gates_video5_30.jpg,572,1692,613,1755,Person
imgs/train/bookstore_video3_11400.jpg,466,570,514,615,Person
imgs/train/gates_video3_640.jpg,103,79,171,150,Person
imgs/train/bookstore_video3_10280.jpg,183,948,214,977,Person
imgs/train/hyang_video5_7360.jpg,504,1032,555,1095,Person
imgs/train/hyang_video5_2920.jpg,640,1389,696,1497,Person
imgs/train/coupa_video3_570.jpg,1441,122,1490,163,Person
imgs/train/bookstore_video0_200.jpg,401,1006,421,1038,Person
imgs/train/coupa_video2_6080.jpg,610,29,704,93,Person
imgs/train/deathCircle_video0_7400.jpg,176,791,208,856,Person
imgs/train/deathCircle_video0_720.jpg,1034,381,1113,474,Car
imgs/train/bookstore_video0_2520.jpg,363,983,403,1022,Person
imgs/train/coupa_video1_3240.jpg,1782,161,1817,195,Person
imgs/train/deathCircle_video0_7840.jpg,1322,1189,1347,1225,Person
imgs/train/bookstore_video3_2360.jpg,1046,397,1077,454,Person
imgs/train/deathCircle_video0_3240.jpg,955,478,1025,612,Person
imgs/train/coupa_video2_5480.jpg,1498,683,1578,762,Person
imgs/train/deathCircle_video0_8240.jpg,604,1193,663,1266,Person
imgs/train/hyang_video5_1360.jpg,1231,506,1280,589,Person
imgs/train/bookstore_video0_6040.jpg,371,981,401,1020,Person
imgs/train/gates_video3_6080.jpg,177,1005,214,1080,Person
imgs/train/bookstore_video1_990.jpg,47,966,86,1013,Person
imgs/train/bookstore_video3_3960.jpg,963,152,998,204,Person
imgs/train/gates_video4_1400.jpg,786,1878,826,1957,Person
imgs/train/gates_video3_8000.jpg,628,1026,735,1134,Person
imgs/train/hyang_video5_2880.jpg,1393,1053,1447,1161,Person
imgs/train/coupa_video2_4520.jpg,759,721,841,781,Person
imgs/train/deathCircle_video0_520.jpg,649,815,681,876,Person
imgs/train/bookstore_video3_13480.jpg,886,867,951,930,Person
imgs/train/coupa_video2_920.jpg,1938,4,1971,54,Person
imgs/train/bookstore_video1_840.jpg,983,409,1021,478,Person
imgs/train/bookstore_video3_2080.jpg,1274,568,1320,611,Person
imgs/train/gates_video3_7240.jpg,829,1276,934,1401,Person
imgs/train/coupa_video2_2440.jpg,1751,819,1820,874,Person
imgs/train/bookstore_video0_9280.jpg,933,396,969,432,Person
imgs/train/bookstore_video3_10840.jpg,242,950,293,1007,Person
imgs/train/gates_video3_5520.jpg,284,1609,328,1689,Person
imgs/train/coupa_video3_690.jpg,1435,120,1490,163,Person
imgs/train/bookstore_video0_9360.jpg,731,247,781,287,Person
imgs/train/hyang_video5_8760.jpg,724,456,769,559,Person
imgs/train/bookstore_video0_10320.jpg,205,691,253,738,Person
imgs/train/bookstore_video0_7720.jpg,272,995,320,1038,Person
imgs/train/coupa_video2_5440.jpg,1482,0,1556,61,Person
imgs/train/bookstore_video3_12360.jpg,749,908,793,946,Person
imgs/train/bookstore_video1_690.jpg,1372,168,1406,215,Person
imgs/train/hyang_video6_6840.jpg,794,438,837,477,Person
imgs/train/gates_video3_1280.jpg,67,1301,157,1388,Person
imgs/train/bookstore_video0_10240.jpg,569,759,611,797,Person
imgs/train/bookstore_video3_12960.jpg,694,699,745,735,Person
imgs/train/bookstore_video0_640.jpg,583,967,623,1006,Person
imgs/train/bookstore_video0_11360.jpg,1095,525,1131,575,Person
imgs/train/deathCircle_video0_1280.jpg,964,223,996,271,Person
imgs/train/deathCircle_video0_7800.jpg,964,1026,1014,1087,Person
imgs/train/gates_video3_1440.jpg,79,1443,173,1564,Person
imgs/train/coupa_video2_9600.jpg,1355,949,1413,992,Person
imgs/train/gates_video3_5280.jpg,1350,1121,1408,1217,Person
imgs/train/bookstore_video3_12080.jpg,965,157,1015,200,Person
imgs/train/bookstore_video3_6040.jpg,394,876,481,957,Car
imgs/train/gates_video3_200.jpg,383,200,411,262,Person
imgs/train/deathCircle_video0_10000.jpg,1322,166,1353,231,Person
imgs/train/hyang_video5_2840.jpg,113,1041,149,1099,Person
imgs/train/deathCircle_video0_5000.jpg,1016,1156,1041,1233,Person
imgs/train/deathCircle_video0_6960.jpg,690,1099,742,1168,Person
imgs/train/gates_video4_240.jpg,1043,920,1083,978,Person
imgs/train/gates_video3_80.jpg,186,191,214,250,Person
imgs/train/deathCircle_video0_10120.jpg,389,799,441,868,Person
imgs/train/deathCircle_video0_7680.jpg,147,1148,203,1221,Person
imgs/train/deathCircle_video0_7480.jpg,898,1071,964,1168,Person
imgs/train/bookstore_video0_11560.jpg,354,494,395,539,Person
imgs/train/bookstore_video0_12280.jpg,1176,287,1228,346,Person
imgs/train/gates_video3_1960.jpg,706,8,755,150,Person
imgs/train/bookstore_video0_7200.jpg,617,970,648,1001,Person
imgs/train/gates_video4_440.jpg,517,1069,561,1143,Person
imgs/train/bookstore_video0_6280.jpg,638,850,704,904,Person
imgs/train/hyang_video6_8160.jpg,413,335,448,376,Person
imgs/train/deathCircle_video0_4320.jpg,593,1164,640,1213,Person
imgs/train/deathCircle_video0_2520.jpg,962,1278,1000,1335,Person
imgs/train/bookstore_video0_7520.jpg,272,963,314,1001,Person
imgs/train/gates_video3_5480.jpg,930,1330,978,1409,Person
imgs/train/bookstore_video3_4320.jpg,828,737,886,833,Person
imgs/train/deathCircle_video0_1080.jpg,724,474,749,535,Person
imgs/train/coupa_video2_1920.jpg,44,719,132,787,Person
imgs/train/bookstore_video3_14000.jpg,358,903,411,948,Person
imgs/train/hyang_video6_6640.jpg,192,273,228,316,Person
imgs/train/coupa_video1_6960.jpg,409,551,497,617,Person
imgs/train/deathCircle_video0_11960.jpg,1371,1213,1399,1258,Person
imgs/train/deathCircle_video0_10600.jpg,708,418,735,454,Person
imgs/train/hyang_video5_1120.jpg,472,1348,504,1414,Person
imgs/train/deathCircle_video0_7680.jpg,498,791,541,868,Person
imgs/train/coupa_video1_9240.jpg,836,268,924,314,Person
imgs/train/deathCircle_video0_6120.jpg,301,803,341,856,Person
imgs/train/deathCircle_video0_5280.jpg,923,1262,957,1323,Person
imgs/train/coupa_video3_180.jpg,585,368,638,409,Person
imgs/train/coupa_video1_4800.jpg,310,38,390,86,Person
imgs/train/deathCircle_video0_1080.jpg,1007,921,1030,969,Person
imgs/train/bookstore_video0_9120.jpg,191,1031,249,1081,Person
imgs/train/gates_video3_5920.jpg,204,713,232,771,Person
imgs/train/bookstore_video0_7040.jpg,735,226,779,281,Person
imgs/train/gates_video3_8120.jpg,924,1288,1034,1422,Person
imgs/train/coupa_video1_1320.jpg,1226,70,1303,152,Person
imgs/train/little_video0_840.jpg,507,824,535,891,Person
imgs/train/deathCircle_video2_200.jpg,73,1073,103,1138,Person
imgs/train/coupa_video1_5600.jpg,1666,261,1738,307,Person
imgs/train/hyang_video5_10280.jpg,436,1070,476,1161,Person
imgs/train/bookstore_video0_3920.jpg,899,933,931,976,Person
imgs/train/deathCircle_video0_7600.jpg,887,1205,916,1266,Person
imgs/train/deathCircle_video0_1440.jpg,597,872,654,929,Person
imgs/train/deathCircle_video0_5600.jpg,1421,1103,1485,1180,Person
imgs/train/bookstore_video0_4920.jpg,603,963,648,1001,Person
imgs/train/bookstore_video0_8160.jpg,312,1022,348,1060,Person
imgs/train/bookstore_video0_8560.jpg,1236,578,1273,621,Person
imgs/train/hyang_video5_6960.jpg,678,1231,722,1306,Person
imgs/train/coupa_video2_5200.jpg,1105,557,1174,642,Person
imgs/train/deathCircle_video0_760.jpg,645,750,685,799,Person
imgs/train/bookstore_video1_360.jpg,1297,950,1364,1000,Person
imgs/train/gates_video3_2680.jpg,920,1288,1018,1426,Person
imgs/train/hyang_video6_8440.jpg,650,197,698,242,Person
imgs/train/bookstore_video0_1120.jpg,565,1022,605,1063,Person
imgs/train/hyang_video5_3280.jpg,739,1169,775,1252,Person
imgs/train/deathCircle_video0_2560.jpg,1043,389,1120,462,Car
imgs/train/coupa_video2_9920.jpg,695,1045,761,1090,Person
imgs/train/hyang_video5_4720.jpg,571,1016,611,1074,Person
imgs/train/gates_video3_4120.jpg,405,583,451,638,Person
imgs/train/bookstore_video0_480.jpg,53,754,108,838,Person
imgs/train/hyang_video6_6200.jpg,287,342,332,381,Person
imgs/train/deathCircle_video0_11920.jpg,1408,1233,1435,1274,Person
imgs/train/gates_video3_8760.jpg,272,1347,377,1476,Person
imgs/train/coupa_video3_960.jpg,1089,630,1138,671,Person
imgs/train/coupa_video2_8720.jpg,1933,897,1977,981,Person
imgs/train/hyang_video5_3600.jpg,244,1012,278,1066,Person
imgs/train/bookstore_video0_8800.jpg,272,981,306,1017,Person
imgs/train/hyang_video6_8040.jpg,564,137,601,173,Person
imgs/train/gates_video3_1160.jpg,137,1063,220,1146,Person
imgs/train/bookstore_video0_8520.jpg,749,863,797,899,Person
imgs/train/bookstore_video0_3160.jpg,27,884,59,938,Person
imgs/train/deathCircle_video0_4240.jpg,1043,377,1116,466,Car
imgs/train/gates_video3_1200.jpg,79,1422,173,1547,Person
imgs/train/bookstore_video3_5320.jpg,960,869,1015,928,Person
imgs/train/coupa_video2_9680.jpg,775,735,847,787,Person
imgs/train/gates_video3_1040.jpg,41,1334,131,1459,Person
imgs/train/bookstore_video3_1560.jpg,328,912,383,944,Person
imgs/train/deathCircle_video0_1880.jpg,839,1594,871,1643,Person
imgs/train/hyang_video6_5280.jpg,1266,383,1315,427,Person
imgs/train/coupa_video2_3640.jpg,393,806,462,849,Person
imgs/train/bookstore_video3_7000.jpg,150,348,174,373,Person
imgs/train/bookstore_video0_9120.jpg,670,584,702,625,Person
imgs/train/hyang_video6_5800.jpg,41,19,88,54,Person
imgs/train/bookstore_video3_9640.jpg,181,168,229,220,Person
imgs/train/hyang_video5_9640.jpg,341,991,375,1032,Person
imgs/train/gates_video3_4120.jpg,244,967,274,1030,Person
imgs/train/deathCircle_video0_1800.jpg,271,1111,323,1172,Person
imgs/train/bookstore_video0_40.jpg,607,852,666,893,Person
imgs/train/bookstore_video0_5360.jpg,939,933,971,974,Person
imgs/train/bookstore_video0_11440.jpg,128,908,195,954,Person
imgs/train/deathCircle_video0_6600.jpg,1553,1091,1611,1164,Person
imgs/train/deathCircle_video0_7560.jpg,898,1176,925,1225,Person
imgs/train/hyang_video5_5080.jpg,995,924,1054,1032,Person
imgs/train/coupa_video1_3320.jpg,860,177,926,209,Person
imgs/train/gates_video3_1640.jpg,968,1326,1024,1434,Person
imgs/train/coupa_video1_6440.jpg,1344,2,1391,43,Person
imgs/train/bookstore_video3_13000.jpg,1276,539,1320,627,Person
imgs/train/gates_video3_5120.jpg,797,1597,845,1672,Person
imgs/train/deathCircle_video0_9840.jpg,993,1189,1045,1249,Person
imgs/train/deathCircle_video0_6280.jpg,1564,1099,1611,1152,Person
imgs/train/gates_video3_2600.jpg,31,621,105,721,Person
imgs/train/deathCircle_video0_9640.jpg,1036,1213,1079,1306,Person
imgs/train/bookstore_video0_320.jpg,1238,732,1267,763,Person
imgs/train/deathCircle_video0_4760.jpg,867,1302,910,1355,Person
imgs/train/hyang_video5_7040.jpg,773,0,801,107,Person
imgs/train/gates_video4_80.jpg,1057,1036,1095,1110,Person
imgs/train/hyang_video5_7920.jpg,700,1692,761,1754,Person
imgs/train/coupa_video2_120.jpg,55,913,176,974,Person
imgs/train/coupa_video1_4080.jpg,1760,168,1828,204,Person
imgs/train/hyang_video6_1560.jpg,1203,427,1254,480,Person
imgs/train/bookstore_video0_9160.jpg,53,888,87,922,Person
imgs/train/deathCircle_video0_5200.jpg,1476,965,1523,1026,Person
imgs/train/bookstore_video0_1920.jpg,555,759,585,813,Person
imgs/train/deathCircle_video0_11920.jpg,434,1180,473,1249,Person
imgs/train/bookstore_video0_10720.jpg,231,677,268,707,Person
imgs/train/deathCircle_video0_2160.jpg,1021,1168,1073,1233,Person
imgs/train/hyang_video5_3920.jpg,686,1310,722,1410,Person
imgs/train/bookstore_video0_8640.jpg,338,1010,381,1044,Person
imgs/train/coupa_video2_8720.jpg,118,965,178,1017,Person
imgs/train/bookstore_video3_10840.jpg,530,851,572,917,Person
imgs/train/bookstore_video3_13760.jpg,896,436,936,460,Person
imgs/train/deathCircle_video0_9960.jpg,561,1030,604,1107,Person
imgs/train/deathCircle_video0_5000.jpg,285,1022,319,1091,Person
imgs/train/deathCircle_video0_840.jpg,1478,320,1519,381,Person
imgs/train/gates_video3_4680.jpg,51,1026,135,1084,Person
imgs/train/deathCircle_video0_2520.jpg,751,1517,787,1582,Person
imgs/train/gates_video4_480.jpg,758,1412,792,1482,Person
imgs/train/hyang_video6_3640.jpg,1195,72,1225,104,Person
imgs/train/hyang_video5_2680.jpg,599,1078,660,1186,Person
imgs/train/hyang_video5_4240.jpg,737,1343,783,1431,Person
imgs/train/hyang_video6_4040.jpg,287,337,342,372,Person
imgs/train/deathCircle_video0_2000.jpg,987,779,1016,827,Person
imgs/train/gates_video4_1200.jpg,728,1255,768,1346,Person
imgs/train/deathCircle_video0_3960.jpg,799,1700,853,1757,Person
imgs/train/deathCircle_video0_8520.jpg,1577,1140,1614,1189,Person
imgs/train/hyang_video5_4000.jpg,985,958,1037,1049,Person
imgs/train/deathCircle_video0_12680.jpg,740,263,774,357,Person
imgs/train/deathCircle_video0_6920.jpg,1073,1176,1125,1237,Person
imgs/train/hyang_video6_7160.jpg,633,371,674,399,Person
imgs/train/gates_video3_5320.jpg,387,1714,455,1814,Person
imgs/train/hyang_video6_4240.jpg,625,95,656,128,Person
imgs/train/coupa_video2_4240.jpg,1515,715,1575,762,Person
imgs/train/coupa_video1_4600.jpg,159,2,231,40,Person
imgs/train/bookstore_video3_7760.jpg,1000,31,1046,60,Person
imgs/train/deathCircle_video0_1040.jpg,767,1432,799,1497,Person
imgs/train/deathCircle_video0_12120.jpg,889,1513,925,1574,Person
imgs/train/deathCircle_video2_320.jpg,582,1403,608,1461,Person
imgs/train/bookstore_video0_12560.jpg,935,936,975,974,Person
imgs/train/hyang_video5_6280.jpg,751,1148,801,1290,Person
imgs/train/deathCircle_video2_280.jpg,767,669,827,750,Car
imgs/train/gates_video3_1520.jpg,272,542,332,650,Person
imgs/train/coupa_video1_6520.jpg,57,448,112,491,Person
imgs/train/bookstore_video0_11400.jpg,524,949,567,999,Person
imgs/train/bookstore_video3_600.jpg,135,148,216,209,Person
imgs/train/hyang_video6_3720.jpg,912,196,975,242,Person
imgs/train/hyang_video6_3080.jpg,1239,183,1270,220,Person
imgs/train/bookstore_video0_2120.jpg,365,986,403,1024,Person
imgs/train/gates_video3_8560.jpg,0,1076,53,1151,Person
imgs/train/deathCircle_video0_8240.jpg,828,1846,871,1903,Person
imgs/train/deathCircle_video0_1200.jpg,1041,385,1118,470,Car
imgs/train/bookstore_video0_2280.jpg,306,972,356,1001,Person
imgs/train/bookstore_video3_14360.jpg,963,150,1008,206,Person
imgs/train/hyang_video5_5360.jpg,418,1576,456,1642,Person
imgs/train/deathCircle_video0_6280.jpg,513,1103,556,1160,Person
imgs/train/bookstore_video3_13320.jpg,943,159,1022,215,Person
imgs/train/hyang_video5_3160.jpg,510,1547,551,1630,Person
imgs/train/hyang_video6_4560.jpg,678,374,709,418,Person
imgs/train/deathCircle_video0_2080.jpg,1041,381,1122,470,Car
imgs/train/coupa_video1_10480.jpg,511,960,638,1031,Person
imgs/train/little_video0_360.jpg,637,1674,680,1766,Person
imgs/train/hyang_video5_5160.jpg,722,788,781,895,Person
imgs/train/bookstore_video0_6880.jpg,288,995,326,1024,Person
imgs/train/deathCircle_video0_7120.jpg,178,511,219,576,Person
imgs/train/hyang_video5_3720.jpg,1108,1028,1143,1074,Person
imgs/train/bookstore_video0_7440.jpg,532,779,583,831,Person
imgs/train/deathCircle_video2_280.jpg,51,1093,97,1138,Person
imgs/train/bookstore_video0_10320.jpg,632,879,678,920,Person
imgs/train/coupa_video1_6680.jpg,1652,0,1702,56,Person
imgs/train/deathCircle_video0_2320.jpg,1009,349,1043,405,Person
imgs/train/bookstore_video0_5440.jpg,903,933,937,972,Person
imgs/train/hyang_video5_5040.jpg,274,1024,339,1111,Person
imgs/train/hyang_video6_8320.jpg,767,190,814,250,Person
imgs/train/hyang_video5_1400.jpg,1052,597,1088,655,Person
imgs/train/gates_video3_1880.jpg,1296,1121,1372,1217,Person
imgs/train/deathCircle_video0_6200.jpg,1045,377,1122,470,Car
imgs/train/deathCircle_video0_7720.jpg,799,1213,833,1266,Person
imgs/train/coupa_video1_6600.jpg,1795,0,1853,43,Person
imgs/train/hyang_video6_6240.jpg,711,102,765,146,Person
imgs/train/deathCircle_video0_6040.jpg,432,1193,464,1241,Person
imgs/train/hyang_video5_1600.jpg,397,759,478,821,Person
imgs/train/gates_video3_7000.jpg,449,880,485,1005,Person
imgs/train/deathCircle_video0_12240.jpg,1159,357,1184,405,Person
imgs/train/hyang_video5_3080.jpg,0,920,38,1024,Person
imgs/train/deathCircle_video4_30.jpg,736,789,780,884,Person
imgs/train/bookstore_video3_11080.jpg,141,206,187,249,Person
imgs/train/deathCircle_video0_8000.jpg,934,844,978,917,Person
imgs/train/hyang_video5_1240.jpg,1092,962,1138,1020,Person
imgs/train/hyang_video5_7200.jpg,722,854,787,929,Person
imgs/train/coupa_video1_3720.jpg,1768,161,1823,200,Person
imgs/train/bookstore_video1_60.jpg,357,935,400,975,Person
imgs/train/deathCircle_video0_7800.jpg,108,1047,158,1103,Person
imgs/train/deathCircle_video0_11320.jpg,996,438,1036,495,Person
imgs/train/deathCircle_video0_6960.jpg,930,836,973,892,Person
imgs/train/coupa_video2_7960.jpg,539,990,621,1033,Person
imgs/train/bookstore_video3_9760.jpg,967,155,1013,211,Person
imgs/train/bookstore_video0_6080.jpg,350,494,411,568,Person
imgs/train/little_video0_520.jpg,495,1320,543,1396,Person
imgs/train/deathCircle_video0_7600.jpg,1054,1144,1091,1197,Person
imgs/train/bookstore_video0_8840.jpg,122,1035,176,1081,Person
imgs/train/deathCircle_video0_6680.jpg,726,1327,753,1375,Person
imgs/train/bookstore_video0_2560.jpg,363,983,403,1022,Person
imgs/train/deathCircle_video0_160.jpg,1396,434,1442,499,Person
imgs/train/gates_video3_3520.jpg,558,575,618,650,Person
imgs/train/hyang_video5_3800.jpg,1171,1036,1205,1082,Person
imgs/train/hyang_video5_1360.jpg,605,771,668,891,Person
imgs/train/bookstore_video3_3480.jpg,1006,402,1055,449,Person
imgs/train/deathCircle_video0_2760.jpg,950,1249,978,1323,Person
imgs/train/bookstore_video3_2080.jpg,1011,391,1044,454,Person
imgs/train/gates_video3_1880.jpg,344,1647,413,1747,Person
imgs/train/deathCircle_video0_6840.jpg,941,560,984,637,Person
imgs/train/coupa_video2_9800.jpg,38,687,118,755,Person
imgs/train/hyang_video5_3720.jpg,86,1049,125,1099,Person
imgs/train/deathCircle_video0_120.jpg,692,896,719,941,Person
imgs/train/coupa_video1_5960.jpg,41,444,121,487,Person
imgs/train/bookstore_video0_1400.jpg,650,795,686,850,Person
imgs/train/deathCircle_video0_2520.jpg,502,641,602,710,Car
imgs/train/deathCircle_video0_7280.jpg,993,1424,1016,1473,Person
imgs/train/deathCircle_video0_11960.jpg,1016,275,1048,340,Person
imgs/train/bookstore_video1_780.jpg,264,1063,292,1074,Person
imgs/train/hyang_video5_3000.jpg,1048,1041,1096,1107,Person
imgs/train/bookstore_video0_12440.jpg,1079,194,1113,244,Person
imgs/train/bookstore_video1_210.jpg,1348,775,1416,824,Person
imgs/train/hyang_video5_1120.jpg,644,879,694,954,Person
imgs/train/deathCircle_video0_4960.jpg,867,649,910,710,Person
imgs/train/deathCircle_video0_6920.jpg,1476,1030,1498,1075,Person
imgs/train/bookstore_video0_6440.jpg,160,655,211,698,Person
imgs/train/deathCircle_video0_8360.jpg,314,953,346,1014,Person
imgs/train/bookstore_video0_4120.jpg,939,929,973,974,Person
imgs/train/gates_video4_1560.jpg,1398,722,1428,776,Person
imgs/train/hyang_video6_3960.jpg,163,779,230,830,Person
imgs/train/deathCircle_video0_12160.jpg,769,1302,799,1408,Person
imgs/train/coupa_video1_200.jpg,1900,466,1947,521,Person
imgs/train/gates_video3_6440.jpg,674,1059,719,1117,Person
imgs/train/coupa_video2_5280.jpg,1119,908,1199,985,Person
imgs/train/deathCircle_video0_5600.jpg,987,344,1030,422,Person
imgs/train/coupa_video1_4640.jpg,1776,204,1820,245,Person
imgs/train/bookstore_video1_1440.jpg,1339,836,1408,896,Person
imgs/train/coupa_video1_4640.jpg,1842,471,1892,505,Person
imgs/train/bookstore_video3_3200.jpg,1031,838,1096,876,Person
imgs/train/bookstore_video3_920.jpg,156,148,216,215,Person
imgs/train/bookstore_video0_1880.jpg,1062,6,1113,72,Person
imgs/train/little_video0_120.jpg,137,1661,202,1787,Person
imgs/train/hyang_video5_3320.jpg,500,1447,545,1543,Person
imgs/train/hyang_video6_4240.jpg,774,197,802,234,Person
imgs/train/gates_video3_1680.jpg,948,1372,1004,1484,Person
imgs/train/bookstore_video3_8840.jpg,859,946,934,1004,Person
imgs/train/coupa_video1_9680.jpg,772,45,836,86,Person
imgs/train/coupa_video1_8800.jpg,1446,150,1529,229,Person
imgs/train/hyang_video5_4360.jpg,434,1555,476,1663,Person
imgs/train/bookstore_video3_1960.jpg,684,215,721,271,Person
imgs/train/gates_video3_5320.jpg,763,975,831,1076,Person
imgs/train/gates_video3_6280.jpg,1227,1272,1286,1363,Person
imgs/train/hyang_video5_2800.jpg,1060,978,1136,1103,Person
imgs/train/bookstore_video0_7040.jpg,338,974,369,1010,Person
imgs/train/deathCircle_video0_8080.jpg,810,1217,846,1282,Person
imgs/train/hyang_video6_8080.jpg,538,736,582,773,Person
imgs/train/deathCircle_video0_6640.jpg,758,1412,796,1469,Person
imgs/train/bookstore_video0_5800.jpg,344,1008,385,1042,Person
imgs/train/bookstore_video3_4080.jpg,1066,762,1125,858,Person
imgs/train/coupa_video1_3160.jpg,1812,186,1845,220,Person
imgs/train/coupa_video2_6560.jpg,1875,664,1919,717,Person
imgs/train/bookstore_video3_7640.jpg,1213,474,1261,557,Person
imgs/train/gates_video3_200.jpg,1008,1217,1044,1292,Person
imgs/train/bookstore_video3_3520.jpg,75,959,115,1002,Person
imgs/train/bookstore_video3_3840.jpg,1011,400,1059,447,Person
imgs/train/coupa_video1_4880.jpg,525,75,602,120,Person
imgs/train/gates_video3_7960.jpg,584,1330,674,1438,Person
imgs/train/little_video1_1200.jpg,154,1033,198,1090,Person
imgs/train/coupa_video1_5160.jpg,88,120,200,163,Person
imgs/train/hyang_video6_7280.jpg,753,121,794,148,Person
imgs/train/bookstore_video0_7680.jpg,941,933,973,972,Person
imgs/train/deathCircle_video0_5600.jpg,953,296,998,369,Person
imgs/train/deathCircle_video0_10560.jpg,464,1266,491,1314,Person
imgs/train/bookstore_video1_210.jpg,1100,953,1151,1000,Person
imgs/train/bookstore_video0_7680.jpg,899,933,935,974,Person
imgs/train/deathCircle_video0_11840.jpg,613,819,665,892,Person
imgs/train/deathCircle_video0_9080.jpg,1206,1136,1251,1193,Person
imgs/train/gates_video3_880.jpg,45,1176,129,1297,Person
imgs/train/deathCircle_video0_520.jpg,629,722,656,779,Person
imgs/train/hyang_video5_7120.jpg,648,1215,684,1310,Person
imgs/train/gates_video3_4440.jpg,212,1488,262,1547,Person
imgs/train/deathCircle_video0_7520.jpg,905,1148,930,1209,Person
imgs/train/bookstore_video0_4280.jpg,346,1010,385,1049,Person
imgs/train/gates_video3_2040.jpg,137,1017,196,1130,Person
imgs/train/deathCircle_video0_1800.jpg,783,718,817,791,Person
imgs/train/deathCircle_video0_8200.jpg,987,401,1027,462,Person
imgs/train/bookstore_video0_10920.jpg,130,986,189,1042,Person
imgs/train/bookstore_video3_2800.jpg,1024,442,1070,487,Person
imgs/train/coupa_video3_420.jpg,1331,148,1372,186,Person
imgs/train/deathCircle_video0_4880.jpg,1045,385,1118,462,Car
imgs/train/hyang_video6_6880.jpg,330,367,365,409,Person
imgs/train/bookstore_video0_6960.jpg,377,942,413,981,Person
imgs/train/bookstore_video0_11400.jpg,939,931,975,976,Person
imgs/train/bookstore_video0_9480.jpg,1283,689,1325,734,Person
imgs/train/deathCircle_video0_7080.jpg,955,409,996,482,Person
imgs/train/deathCircle_video0_680.jpg,629,730,658,803,Person
imgs/train/coupa_video3_90.jpg,1295,159,1331,198,Person
imgs/train/deathCircle_video0_9240.jpg,747,1351,783,1420,Person
imgs/train/bookstore_video1_960.jpg,1344,928,1398,991,Person
imgs/train/bookstore_video0_6800.jpg,613,949,646,990,Person
imgs/train/deathCircle_video0_10320.jpg,792,1891,830,1935,Person
imgs/train/bookstore_video0_9840.jpg,415,240,462,278,Person
imgs/train/coupa_video2_3280.jpg,1773,876,1820,908,Person
imgs/train/bookstore_video0_9600.jpg,446,439,508,494,Person
imgs/train/deathCircle_video0_2000.jpg,1027,438,1070,495,Person
imgs/train/deathCircle_video0_4480.jpg,79,815,113,868,Person
imgs/train/deathCircle_video0_3960.jpg,1057,1185,1102,1241,Person
imgs/train/bookstore_video3_2960.jpg,440,959,470,995,Person
imgs/train/little_video1_1290.jpg,225,1146,260,1223,Person
imgs/train/gates_video3_7800.jpg,696,984,797,1092,Person
imgs/train/hyang_video6_7280.jpg,434,438,475,485,Person
imgs/train/gates_video3_5000.jpg,582,875,696,988,Person
imgs/train/coupa_video1_4400.jpg,1699,578,1749,628,Person
imgs/train/deathCircle_video0_4760.jpg,1002,0,1061,44,Person
imgs/train/bookstore_video0_11480.jpg,939,931,975,976,Person
imgs/train/gates_video3_3920.jpg,342,1071,369,1130,Person
imgs/train/gates_video4_2000.jpg,802,1713,834,1812,Person
imgs/train/hyang_video5_5080.jpg,343,1024,407,1111,Person
imgs/train/bookstore_video0_10600.jpg,848,734,888,791,Person
imgs/train/deathCircle_video0_9720.jpg,1145,1144,1199,1213,Person
imgs/train/bookstore_video3_7800.jpg,963,159,1019,215,Person
imgs/train/gates_video3_1160.jpg,49,1026,133,1096,Person
imgs/train/bookstore_video3_7280.jpg,655,822,695,851,Person
imgs/train/bookstore_video3_12880.jpg,690,780,739,815,Person
imgs/train/hyang_video6_6720.jpg,196,378,239,427,Person
imgs/train/bookstore_video3_8560.jpg,139,854,209,917,Person
imgs/train/deathCircle_video0_11480.jpg,885,1493,914,1542,Person
imgs/train/deathCircle_video0_7240.jpg,998,1375,1039,1461,Person
imgs/train/bookstore_video0_8160.jpg,7,256,43,319,Person
imgs/train/deathCircle_video0_9400.jpg,695,1237,733,1290,Person
imgs/train/gates_video3_3520.jpg,1360,1076,1386,1134,Person
imgs/train/bookstore_video0_8920.jpg,197,856,239,899,Person
imgs/train/gates_video3_8080.jpg,787,1055,902,1167,Person
imgs/train/bookstore_video3_7640.jpg,1000,38,1061,85,Person
imgs/train/deathCircle_video0_4680.jpg,792,986,867,1055,Person
imgs/train/deathCircle_video0_11080.jpg,905,1294,948,1359,Person
imgs/train/hyang_video5_6680.jpg,741,1153,777,1256,Person
imgs/train/deathCircle_video0_4160.jpg,785,1862,821,1919,Person
imgs/train/coupa_video1_5760.jpg,228,113,316,168,Person
imgs/train/gates_video3_4560.jpg,948,1338,1048,1476,Person
imgs/train/gates_video3_5240.jpg,121,796,169,888,Person
imgs/train/deathCircle_video0_7640.jpg,158,1111,208,1172,Person
imgs/train/bookstore_video0_560.jpg,1220,102,1257,174,Person
imgs/train/deathCircle_video0_11600.jpg,676,807,719,876,Person
imgs/train/gates_video3_8080.jpg,304,425,391,517,Person
imgs/train/bookstore_video0_2480.jpg,342,1024,389,1058,Person
imgs/train/coupa_video2_5560.jpg,555,819,638,869,Person
imgs/train/hyang_video5_5720.jpg,1373,974,1443,1082,Person
imgs/train/deathCircle_video0_11760.jpg,658,1026,699,1087,Person
imgs/train/deathCircle_video0_1040.jpg,910,1156,964,1241,Person
imgs/train/coupa_video2_2480.jpg,1757,819,1826,874,Person
imgs/train/coupa_video1_8520.jpg,1831,77,1881,118,Person
imgs/train/coupa_video2_8800.jpg,244,924,316,985,Person
imgs/train/coupa_video2_8360.jpg,1707,992,1768,1074,Person
imgs/train/hyang_video6_4520.jpg,57,332,86,369,Person
imgs/train/gates_video3_360.jpg,423,1067,459,1126,Person
imgs/train/hyang_video5_2880.jpg,1302,937,1379,1061,Person
imgs/train/deathCircle_video0_1360.jpg,722,239,744,304,Person
imgs/train/deathCircle_video0_7680.jpg,1127,1136,1163,1189,Person
imgs/train/deathCircle_video0_5840.jpg,973,856,1014,929,Person
imgs/train/coupa_video1_9440.jpg,981,202,1080,261,Person
imgs/train/coupa_video3_480.jpg,1498,840,1592,922,Person
imgs/train/hyang_video5_4200.jpg,121,912,173,1003,Person
imgs/train/deathCircle_video0_640.jpg,380,1107,432,1160,Person
imgs/train/deathCircle_video0_7040.jpg,1451,1140,1505,1189,Person
imgs/train/deathCircle_video0_3520.jpg,1021,178,1084,300,Person
imgs/train/hyang_video5_2920.jpg,214,983,266,1074,Person
imgs/train/hyang_video6_5720.jpg,346,360,393,420,Person
imgs/train/coupa_video2_4280.jpg,1762,894,1826,944,Person
imgs/train/bookstore_video0_3800.jpg,729,296,773,337,Person
imgs/train/deathCircle_video0_200.jpg,704,1176,744,1225,Person
imgs/train/deathCircle_video2_400.jpg,572,1212,626,1269,Person
imgs/train/gates_video3_5400.jpg,153,804,218,946,Person
imgs/train/hyang_video6_9080.jpg,721,351,780,397,Person
imgs/train/deathCircle_video0_4200.jpg,785,1810,821,1866,Person
imgs/train/gates_video3_8840.jpg,302,1459,407,1589,Person
imgs/train/coupa_video1_5120.jpg,1804,177,1845,241,Person
imgs/train/deathCircle_video0_7600.jpg,1170,1172,1202,1217,Person
imgs/train/hyang_video6_5800.jpg,711,298,755,323,Person
imgs/train/deathCircle_video0_1120.jpg,762,616,844,726,Car
imgs/train/bookstore_video3_12160.jpg,1096,424,1162,481,Person
imgs/train/bookstore_video0_10600.jpg,565,1024,609,1065,Person
imgs/train/coupa_video2_9200.jpg,808,922,891,965,Person
imgs/train/quad_video2_30.jpg,1925,485,1963,519,Person
imgs/train/bookstore_video3_4160.jpg,835,775,870,827,Person
imgs/train/deathCircle_video0_8040.jpg,1500,1148,1534,1205,Person
imgs/train/deathCircle_video0_4080.jpg,1403,1091,1448,1144,Person
imgs/train/gates_video3_1120.jpg,87,1142,177,1230,Person
imgs/train/bookstore_video0_9760.jpg,419,961,460,1008,Person
imgs/train/deathCircle_video0_6440.jpg,633,1233,667,1298,Person
imgs/train/deathCircle_video0_1640.jpg,581,986,622,1059,Person
imgs/train/coupa_video2_9120.jpg,687,924,767,970,Person
imgs/train/deathCircle_video0_120.jpg,713,896,753,945,Person
imgs/train/coupa_video1_1720.jpg,429,27,536,77,Person
imgs/train/deathCircle_video0_5720.jpg,1021,68,1070,150,Person
imgs/train/bookstore_video3_12080.jpg,609,777,679,827,Person
imgs/train/deathCircle_video0_12160.jpg,1156,215,1181,263,Person
imgs/train/hyang_video5_2840.jpg,1330,1066,1391,1173,Person
imgs/train/bookstore_video0_9120.jpg,634,471,684,528,Person
imgs/train/deathCircle_video0_8240.jpg,690,1306,726,1371,Person
imgs/train/little_video0_1120.jpg,612,837,651,937,Person
imgs/train/deathCircle_video0_2320.jpg,579,560,618,600,Person
imgs/train/deathCircle_video0_3000.jpg,835,1631,871,1712,Person
imgs/train/bookstore_video3_9720.jpg,839,370,873,418,Person
imgs/train/gates_video4_840.jpg,722,1313,778,1403,Person
imgs/train/hyang_video5_5280.jpg,1181,1070,1225,1132,Person
imgs/train/bookstore_video3_10120.jpg,1026,492,1064,532,Person
imgs/train/deathCircle_video0_12600.jpg,760,1420,794,1493,Person
imgs/train/coupa_video1_9240.jpg,44,437,126,498,Person
imgs/train/bookstore_video3_10160.jpg,64,971,95,1004,Person
imgs/train/bookstore_video3_11800.jpg,178,188,225,242,Person
imgs/train/bookstore_video0_6720.jpg,959,702,988,741,Person
imgs/train/bookstore_video0_3920.jpg,793,786,830,834,Person
imgs/train/little_video0_640.jpg,218,1510,253,1564,Person
imgs/train/bookstore_video3_6880.jpg,1101,858,1145,890,Person
imgs/train/gates_video3_1640.jpg,515,58,552,154,Person
imgs/train/bookstore_video0_10560.jpg,868,768,907,825,Person
imgs/train/hyang_video5_5400.jpg,573,1024,611,1103,Person
imgs/train/bookstore_video0_10240.jpg,579,974,615,1006,Person
imgs/train/coupa_video1_5400.jpg,720,441,797,494,Person
imgs/train/gates_video3_3520.jpg,572,283,628,392,Person
imgs/train/bookstore_video0_3760.jpg,108,480,154,532,Person
imgs/train/deathCircle_video0_10000.jpg,316,941,350,1010,Person
imgs/train/bookstore_video1_1020.jpg,298,939,367,993,Person
imgs/train/deathCircle_video0_6480.jpg,812,1185,853,1237,Person
imgs/train/hyang_video6_7120.jpg,298,445,336,487,Person
imgs/train/bookstore_video3_2040.jpg,189,395,238,445,Person
imgs/train/deathCircle_video0_880.jpg,839,624,891,693,Person
imgs/train/deathCircle_video0_4520.jpg,645,1221,685,1278,Person
imgs/train/coupa_video2_10200.jpg,896,0,968,70,Person
imgs/train/deathCircle_video0_1120.jpg,715,438,735,503,Person
imgs/train/hyang_video5_2960.jpg,1102,1032,1151,1099,Person
imgs/train/hyang_video5_9160.jpg,436,1572,474,1638,Person
imgs/train/coupa_video1_3480.jpg,627,145,690,170,Person
imgs/train/bookstore_video0_2520.jpg,346,983,375,1013,Person
imgs/train/deathCircle_video0_920.jpg,699,604,735,661,Person
imgs/train/deathCircle_video0_3760.jpg,771,1002,803,1067,Person
imgs/train/bookstore_video0_5840.jpg,1186,34,1238,72,Person
imgs/train/hyang_video5_2560.jpg,298,958,365,1086,Person
imgs/train/bookstore_video3_6680.jpg,12,959,53,1000,Person
imgs/train/gates_video4_880.jpg,812,512,864,615,Person
imgs/train/hyang_video6_8880.jpg,757,365,826,399,Person
imgs/train/bookstore_video0_4160.jpg,994,242,1046,290,Person
imgs/train/gates_video3_3600.jpg,499,546,535,617,Person
imgs/train/gates_video3_40.jpg,473,1372,509,1451,Person
imgs/train/deathCircle_video0_11640.jpg,613,823,661,892,Person
imgs/train/gates_video3_2440.jpg,121,1030,151,1130,Person
imgs/train/deathCircle_video0_11600.jpg,948,1124,993,1197,Person
imgs/train/hyang_video5_5240.jpg,597,1041,662,1128,Person
imgs/train/bookstore_video0_11800.jpg,571,759,615,804,Person
imgs/train/gates_video3_720.jpg,334,754,379,863,Person
imgs/train/bookstore_video0_7840.jpg,882,1029,913,1060,Person
imgs/train/deathCircle_video0_40.jpg,858,1765,885,1814,Person
imgs/train/bookstore_video0_8920.jpg,1202,294,1238,335,Person
imgs/train/bookstore_video0_9680.jpg,539,952,579,992,Person
imgs/train/hyang_video6_3240.jpg,1042,371,1093,413,Person
imgs/train/deathCircle_video0_6040.jpg,185,1038,239,1087,Person
imgs/train/hyang_video5_9400.jpg,924,1045,983,1115,Person
imgs/train/coupa_video1_1840.jpg,418,878,478,940,Person
imgs/train/hyang_video5_10080.jpg,397,1576,444,1679,Person
imgs/train/hyang_video5_8120.jpg,123,1032,189,1128,Person
imgs/train/gates_video4_1600.jpg,1376,689,1396,755,Person
imgs/train/gates_video3_3200.jpg,111,804,182,888,Person
imgs/train/deathCircle_video0_6920.jpg,867,1355,894,1387,Person
imgs/train/gates_video3_5840.jpg,403,154,439,221,Person
imgs/train/bookstore_video3_4200.jpg,1066,413,1107,481,Person
imgs/train/hyang_video5_2920.jpg,854,908,902,999,Person
imgs/train/hyang_video6_5840.jpg,645,197,704,245,Person
imgs/train/bookstore_video0_8600.jpg,986,859,1028,902,Person
imgs/train/gates_video3_3240.jpg,998,1317,1044,1388,Person
imgs/train/bookstore_video3_7520.jpg,402,795,438,824,Person
imgs/train/hyang_video5_6800.jpg,397,1003,424,1061,Person
imgs/train/gates_video4_680.jpg,631,685,691,776,Person
imgs/train/bookstore_video0_7960.jpg,567,1029,603,1063,Person
imgs/train/bookstore_video0_5080.jpg,565,958,611,992,Person
imgs/train/gates_video3_1080.jpg,338,779,437,875,Person
imgs/train/deathCircle_video0_5280.jpg,848,1359,889,1416,Person
imgs/train/coupa_video1_8480.jpg,1537,259,1603,339,Person
imgs/train/deathCircle_video0_11680.jpg,1385,129,1410,178,Person
imgs/train/deathCircle_video0_6960.jpg,948,1331,973,1375,Person
imgs/train/deathCircle_video0_11440.jpg,513,661,615,742,Car
imgs/train/deathCircle_video0_11600.jpg,1356,1217,1387,1270,Person
imgs/train/hyang_video6_5880.jpg,1207,132,1235,181,Person
imgs/train/bookstore_video1_630.jpg,1226,973,1287,1013,Person
imgs/train/coupa_video1_7760.jpg,0,200,16,248,Person
imgs/train/deathCircle_video0_10080.jpg,303,422,344,478,Person
imgs/train/coupa_video1_5240.jpg,1798,177,1839,241,Person
imgs/train/deathCircle_video0_5280.jpg,812,791,844,844,Person
imgs/train/gates_video4_160.jpg,1117,1028,1149,1102,Person
imgs/train/hyang_video5_10320.jpg,1215,883,1270,970,Person
imgs/train/bookstore_video0_2560.jpg,308,986,348,1020,Person
imgs/train/bookstore_video0_7160.jpg,338,974,369,1010,Person
imgs/train/bookstore_video0_3680.jpg,826,149,864,194,Person
imgs/train/deathCircle_video0_4760.jpg,801,1497,824,1546,Person
imgs/train/coupa_video2_5760.jpg,1193,840,1259,881,Person
imgs/train/bookstore_video3_11000.jpg,822,910,894,944,Person
imgs/train/deathCircle_video0_9720.jpg,785,1294,837,1355,Person
imgs/train/bookstore_video0_9920.jpg,1137,612,1176,643,Person
imgs/train/bookstore_video0_5760.jpg,575,1026,601,1076,Person
imgs/train/hyang_video5_6560.jpg,817,904,856,974,Person
imgs/train/deathCircle_video0_8120.jpg,115,1156,174,1229,Person
imgs/train/bookstore_video0_12440.jpg,899,936,933,970,Person
imgs/train/coupa_video1_5000.jpg,602,259,679,307,Person
imgs/train/bookstore_video0_3720.jpg,468,346,524,396,Person
imgs/train/gates_video5_30.jpg,611,846,655,921,Person
imgs/train/gates_video3_720.jpg,151,825,224,905,Person
imgs/train/deathCircle_video0_800.jpg,1011,1002,1061,1071,Person
imgs/train/gates_video3_1160.jpg,83,1180,173,1267,Person
imgs/train/hyang_video5_3640.jpg,609,920,642,1007,Person
imgs/train/deathCircle_video0_2080.jpg,810,1233,862,1298,Person
imgs/train/coupa_video1_4200.jpg,1581,20,1661,52,Person
imgs/train/hyang_video6_3520.jpg,709,644,745,680,Person
imgs/train/gates_video3_120.jpg,1260,1138,1298,1192,Person
imgs/train/hyang_video5_9720.jpg,440,995,474,1036,Person
imgs/train/deathCircle_video0_3280.jpg,681,1225,758,1302,Person
imgs/train/hyang_video5_7880.jpg,531,916,589,991,Person
imgs/train/deathCircle_video0_12640.jpg,1066,385,1145,470,Car
imgs/train/deathCircle_video0_3520.jpg,923,896,973,961,Person
imgs/train/hyang_video5_8080.jpg,444,1588,476,1679,Person
imgs/train/bookstore_video3_10760.jpg,822,125,885,182,Person
imgs/train/gates_video3_2400.jpg,737,1664,777,1722,Person
imgs/train/hyang_video5_3280.jpg,173,1024,260,1144,Person
imgs/train/hyang_video5_7920.jpg,1130,883,1167,966,Person
imgs/train/deathCircle_video0_4200.jpg,452,1103,502,1160,Person
imgs/train/bookstore_video3_8400.jpg,767,809,807,863,Person
imgs/train/gates_video3_1800.jpg,686,1584,735,1685,Person
imgs/train/bookstore_video3_7880.jpg,666,881,712,935,Person
imgs/train/coupa_video2_5720.jpg,904,0,959,43,Person
imgs/train/bookstore_video3_1560.jpg,545,892,596,941,Person
imgs/train/coupa_video2_9280.jpg,308,735,360,792,Person
imgs/train/deathCircle_video0_2360.jpg,565,990,611,1059,Person
imgs/train/deathCircle_video0_5640.jpg,346,836,380,892,Person
imgs/train/deathCircle_video0_2400.jpg,812,1306,848,1351,Person
imgs/train/bookstore_video3_12360.jpg,651,782,719,824,Person
imgs/train/deathCircle_video0_5760.jpg,649,1176,706,1262,Person
imgs/train/deathCircle_video0_800.jpg,690,718,726,775,Person
imgs/train/hyang_video6_5000.jpg,1158,137,1207,169,Person
imgs/train/deathCircle_video0_7160.jpg,919,1144,964,1209,Person
imgs/train/deathCircle_video0_8800.jpg,744,1148,794,1213,Person
imgs/train/hyang_video6_6440.jpg,1052,367,1111,416,Person
imgs/train/bookstore_video3_12680.jpg,802,134,857,182,Person
imgs/train/bookstore_video0_7880.jpg,350,1022,385,1051,Person
imgs/train/bookstore_video3_8720.jpg,1285,768,1320,856,Person
imgs/train/bookstore_video0_11240.jpg,89,367,144,419,Person
imgs/train/gates_video4_1360.jpg,774,1767,814,1858,Person
imgs/train/deathCircle_video0_6720.jpg,364,819,391,868,Person
imgs/train/coupa_video1_4600.jpg,1762,168,1815,204,Person
imgs/train/coupa_video2_6160.jpg,346,0,475,77,Person
imgs/train/deathCircle_video0_5640.jpg,267,1168,289,1209,Person
imgs/train/bookstore_video3_7840.jpg,829,310,868,352,Person
imgs/train/hyang_video5_5680.jpg,413,1567,456,1642,Person
imgs/train/bookstore_video0_11040.jpg,662,961,704,1004,Person
imgs/train/coupa_video2_11240.jpg,1278,0,1347,54,Person
imgs/train/coupa_video1_5920.jpg,0,81,71,136,Person
imgs/train/bookstore_video0_7520.jpg,1000,797,1040,829,Person
imgs/train/bookstore_video0_11360.jpg,901,933,933,970,Person
imgs/train/deathCircle_video0_960.jpg,1390,1107,1439,1168,Person
imgs/train/deathCircle_video0_9680.jpg,692,1197,740,1278,Person
imgs/train/little_video0_1040.jpg,423,1249,464,1350,Person
imgs/train/gates_video3_1600.jpg,1231,1042,1290,1159,Person
imgs/train/bookstore_video0_8960.jpg,1198,131,1247,176,Car
imgs/train/coupa_video2_4240.jpg,1754,849,1806,899,Person
imgs/train/gates_video3_3560.jpg,1344,1059,1380,1113,Person
imgs/train/deathCircle_video0_1520.jpg,328,1022,378,1071,Person
imgs/train/gates_video3_160.jpg,1095,1134,1133,1188,Person
imgs/train/deathCircle_video0_10960.jpg,613,1318,654,1387,Person
imgs/train/coupa_video1_4360.jpg,1760,168,1820,204,Person
imgs/train/hyang_video5_5520.jpg,882,999,951,1111,Person
imgs/train/bookstore_video0_560.jpg,498,616,549,666,Person
imgs/train/gates_video3_2600.jpg,149,788,248,875,Person
imgs/train/deathCircle_video0_5240.jpg,627,1160,674,1209,Person
imgs/train/deathCircle_video0_5480.jpg,1045,389,1118,462,Car
imgs/train/hyang_video6_7200.jpg,1298,526,1341,570,Person
imgs/train/bookstore_video3_12240.jpg,965,157,1015,200,Person
imgs/train/hyang_video5_8480.jpg,389,891,436,945,Person
imgs/train/deathCircle_video0_9880.jpg,912,974,950,1030,Person
imgs/train/bookstore_video3_10400.jpg,1026,492,1064,532,Person
imgs/train/deathCircle_video0_600.jpg,489,775,534,831,Person
imgs/train/bookstore_video3_14280.jpg,1160,829,1200,885,Person
imgs/train/hyang_video6_1960.jpg,645,192,700,242,Person
imgs/train/bookstore_video3_920.jpg,1213,708,1272,764,Person
imgs/train/deathCircle_video0_480.jpg,728,1205,760,1262,Person
imgs/train/deathCircle_video2_120.jpg,618,1897,646,1946,Car
imgs/train/coupa_video1_3200.jpg,1168,842,1232,885,Person
imgs/train/deathCircle_video0_11200.jpg,1023,1095,1064,1152,Person
imgs/train/bookstore_video1_1320.jpg,207,917,296,986,Person
imgs/train/quad_video1_360.jpg,1316,194,1357,226,Person
imgs/train/bookstore_video0_11720.jpg,522,936,559,970,Person
imgs/train/deathCircle_video0_10680.jpg,726,1237,767,1314,Person
imgs/train/gates_video3_3760.jpg,365,66,433,141,Person
imgs/train/gates_video4_2080.jpg,479,825,523,883,Person
imgs/train/hyang_video6_9680.jpg,1260,321,1315,372,Person
imgs/train/deathCircle_video0_3320.jpg,52,982,119,1059,Person
imgs/train/bookstore_video3_640.jpg,53,955,112,1011,Person
imgs/train/hyang_video5_1200.jpg,1239,543,1272,601,Person
imgs/train/deathCircle_video0_320.jpg,661,726,695,783,Person
imgs/train/hyang_video6_8520.jpg,1227,358,1274,401,Person
imgs/train/bookstore_video0_200.jpg,808,899,852,940,Person
imgs/train/deathCircle_video0_1760.jpg,921,783,964,852,Person
imgs/train/bookstore_video3_7960.jpg,958,881,1004,935,Person
imgs/train/deathCircle_video0_6560.jpg,328,872,373,929,Person
imgs/train/deathCircle_video0_3880.jpg,552,1042,590,1099,Person
imgs/train/deathCircle_video0_8680.jpg,507,665,613,730,Car
imgs/train/coupa_video2_7520.jpg,530,59,605,95,Person
imgs/train/gates_video3_1200.jpg,1117,1234,1199,1322,Person
imgs/train/bookstore_video0_3520.jpg,583,165,624,210,Person
imgs/train/deathCircle_video0_5000.jpg,726,706,776,758,Person
imgs/train/deathCircle_video0_2640.jpg,219,1018,260,1091,Person
imgs/train/bookstore_video3_10880.jpg,1254,283,1312,384,Person
imgs/train/deathCircle_video0_920.jpg,267,1172,312,1225,Person
imgs/train/coupa_video2_6240.jpg,1639,776,1718,853,Person
imgs/train/deathCircle_video0_5760.jpg,679,1351,717,1408,Person
imgs/train/gates_video3_2600.jpg,658,1034,761,1146,Person
imgs/train/bookstore_video0_8280.jpg,551,772,599,820,Person
imgs/train/hyang_video5_4040.jpg,1351,597,1393,705,Person
imgs/train/deathCircle_video0_11520.jpg,903,1392,925,1444,Person
imgs/train/coupa_video2_9320.jpg,1721,908,1831,949,Person
imgs/train/hyang_video5_1600.jpg,577,1057,617,1128,Person
imgs/train/bookstore_video0_8640.jpg,464,958,512,990,Person
imgs/train/deathCircle_video0_5480.jpg,70,1164,101,1217,Person
imgs/train/gates_video3_200.jpg,692,1401,741,1472,Person
imgs/train/deathCircle_video0_6280.jpg,586,1221,620,1262,Person
imgs/train/bookstore_video1_960.jpg,635,310,667,366,Person
imgs/train/bookstore_video3_3520.jpg,139,795,176,836,Person
imgs/train/deathCircle_video0_760.jpg,787,1651,826,1716,Person
imgs/train/bookstore_video0_9880.jpg,897,933,935,974,Person
imgs/train/deathCircle_video0_760.jpg,699,1164,756,1221,Person
imgs/train/deathCircle_video2_200.jpg,743,1428,771,1473,Person
imgs/train/deathCircle_video0_6400.jpg,749,1355,787,1420,Person
imgs/train/deathCircle_video0_8880.jpg,507,665,613,730,Car
imgs/train/coupa_video2_3280.jpg,514,637,610,692,Person
imgs/train/bookstore_video3_8800.jpg,910,941,985,1000,Person
imgs/train/bookstore_video3_1640.jpg,341,856,381,887,Person
imgs/train/gates_video3_5120.jpg,127,754,175,846,Person
imgs/train/hyang_video5_5120.jpg,1005,1053,1050,1115,Person
imgs/train/deathCircle_video0_6400.jpg,627,1237,661,1290,Person
imgs/train/bookstore_video0_4520.jpg,939,933,973,974,Person
imgs/train/little_video0_800.jpg,505,883,533,950,Person
imgs/train/bookstore_video1_930.jpg,404,833,450,910,Person
imgs/train/deathCircle_video2_120.jpg,1170,1154,1210,1203,Person
imgs/train/hyang_video5_6880.jpg,783,862,827,941,Person
imgs/train/hyang_video6_2280.jpg,879,383,912,415,Person
imgs/train/deathCircle_video0_5880.jpg,326,1156,357,1209,Person
imgs/train/bookstore_video0_2480.jpg,365,986,403,1024,Person
imgs/train/bookstore_video0_6640.jpg,530,791,583,831,Person
imgs/train/bookstore_video0_6160.jpg,893,704,969,757,Person
imgs/train/deathCircle_video0_7040.jpg,210,1136,260,1193,Car
imgs/train/bookstore_video0_7720.jpg,284,967,326,1006,Person
imgs/train/hyang_video6_4160.jpg,778,238,806,275,Person
imgs/train/coupa_video3_30.jpg,1295,159,1331,198,Person
imgs/train/hyang_video6_7360.jpg,759,83,808,114,Person
imgs/train/bookstore_video3_12280.jpg,473,881,537,935,Person
imgs/train/bookstore_video0_11440.jpg,215,500,251,546,Person
imgs/train/gates_video3_6360.jpg,1068,1134,1115,1192,Person
imgs/train/deathCircle_video0_6000.jpg,776,1189,848,1249,Person
imgs/train/bookstore_video3_1440.jpg,750,137,800,182,Person
imgs/train/coupa_video2_8880.jpg,357,970,418,1022,Person
imgs/train/bookstore_video0_5840.jpg,472,856,498,888,Person
imgs/train/deathCircle_video0_4320.jpg,690,1347,724,1400,Person
imgs/train/hyang_video5_3800.jpg,706,1630,767,1704,Person
imgs/train/bookstore_video0_9400.jpg,895,933,933,972,Person
imgs/train/bookstore_video1_1020.jpg,1396,164,1420,206,Person
imgs/train/deathCircle_video0_5160.jpg,1233,1176,1274,1229,Person
imgs/train/coupa_video2_4440.jpg,1520,995,1592,1042,Person
imgs/train/deathCircle_video0_7560.jpg,876,1168,901,1229,Person
imgs/train/gates_video3_3960.jpg,847,1368,875,1443,Person
imgs/train/coupa_video2_4720.jpg,794,783,849,815,Person
imgs/train/gates_video4_920.jpg,681,1655,742,1738,Person
imgs/train/bookstore_video0_13200.jpg,213,983,251,1035,Person
imgs/train/deathCircle_video0_1080.jpg,916,1059,975,1148,Person
imgs/train/deathCircle_video0_8480.jpg,749,730,781,811,Person
imgs/train/coupa_video3_510.jpg,1328,107,1380,150,Person
imgs/train/hyang_video6_1800.jpg,586,406,637,446,Person
imgs/train/bookstore_video0_7480.jpg,565,768,597,809,Person
imgs/train/gates_video4_520.jpg,713,1416,758,1519,Person
imgs/train/bookstore_video3_3440.jpg,1088,928,1140,955,Person
imgs/train/deathCircle_video0_11320.jpg,513,661,615,738,Car
imgs/train/bookstore_video0_8200.jpg,381,983,405,1015,Person
imgs/train/gates_video3_920.jpg,497,1384,590,1497,Person
imgs/train/deathCircle_video0_10800.jpg,608,1318,649,1387,Person
imgs/train/hyang_video5_9400.jpg,409,1580,450,1655,Person
imgs/train/hyang_video5_3040.jpg,644,1538,698,1638,Person
imgs/train/little_video0_240.jpg,846,845,924,921,Person
imgs/train/bookstore_video3_2440.jpg,264,575,313,615,Person
imgs/train/gates_video3_1800.jpg,169,963,234,1063,Person
imgs/train/deathCircle_video0_10200.jpg,323,945,357,1014,Person
imgs/train/bookstore_video0_7120.jpg,373,981,409,1017,Person
imgs/train/deathCircle_video0_4480.jpg,187,815,226,872,Person
imgs/train/hyang_video5_5200.jpg,452,1559,486,1625,Person
imgs/train/hyang_video5_2400.jpg,1025,970,1072,1074,Person
imgs/train/hyang_video6_2440.jpg,792,376,827,408,Person
imgs/train/bookstore_video0_9760.jpg,690,523,743,566,Person
imgs/train/deathCircle_video0_4280.jpg,294,758,335,807,Person
imgs/train/gates_video3_4840.jpg,1320,1142,1412,1217,Person
imgs/train/coupa_video1_4640.jpg,1377,951,1438,1020,Person
imgs/train/bookstore_video3_3600.jpg,1070,944,1132,975,Person
imgs/train/hyang_video6_4760.jpg,763,229,794,273,Person
imgs/train/gates_video3_6200.jpg,409,1710,461,1789,Person
imgs/train/deathCircle_video0_2400.jpg,907,1140,948,1205,Person
imgs/train/bookstore_video1_210.jpg,450,1018,493,1076,Person
imgs/train/deathCircle_video0_1840.jpg,97,1107,138,1168,Person
imgs/train/deathCircle_video2_200.jpg,815,910,875,991,Car
imgs/train/gates_video3_2120.jpg,785,1330,843,1426,Person
imgs/train/bookstore_video3_9200.jpg,1039,411,1094,467,Person
imgs/train/deathCircle_video0_2920.jpg,690,1176,722,1249,Person
imgs/train/bookstore_video3_7800.jpg,190,166,235,220,Person
imgs/train/hyang_video5_1520.jpg,890,572,926,647,Person
imgs/train/coupa_video1_3760.jpg,1804,184,1853,236,Person
imgs/train/hyang_video6_6120.jpg,802,220,829,252,Person
imgs/train/hyang_video5_3040.jpg,416,1053,460,1128,Person
imgs/train/coupa_video2_6560.jpg,2,913,41,951,Person
imgs/train/coupa_video2_800.jpg,1507,676,1567,735,Person
imgs/train/deathCircle_video0_4640.jpg,815,982,880,1055,Person
imgs/train/hyang_video5_3480.jpg,157,958,193,1024,Person
imgs/train/deathCircle_video0_960.jpg,1455,1111,1512,1168,Person
imgs/train/coupa_video1_7840.jpg,1702,47,1782,102,Person
imgs/train/bookstore_video3_80.jpg,1189,143,1230,211,Person
imgs/train/hyang_video5_7080.jpg,797,929,854,1024,Person
imgs/train/hyang_video5_8680.jpg,436,1580,476,1646,Person
imgs/train/deathCircle_video0_5920.jpg,339,1111,380,1185,Person
imgs/train/gates_video4_1480.jpg,143,978,187,1069,Person
imgs/train/hyang_video6_8160.jpg,759,79,794,141,Person
imgs/train/hyang_video5_5920.jpg,529,900,581,991,Person
imgs/train/hyang_video5_2880.jpg,133,995,173,1074,Person
imgs/train/deathCircle_video0_1400.jpg,1423,1051,1464,1107,Person
imgs/train/bookstore_video3_11200.jpg,997,944,1063,973,Person
imgs/train/coupa_video3_510.jpg,387,589,442,633,Person
imgs/train/bookstore_video3_5080.jpg,956,887,1041,930,Person
imgs/train/bookstore_video3_12520.jpg,921,15,974,74,Person
imgs/train/hyang_video6_3400.jpg,916,431,947,477,Person
imgs/train/little_video0_880.jpg,915,1051,952,1127,Person
imgs/train/gates_video4_320.jpg,858,1341,894,1432,Person
imgs/train/gates_video3_2360.jpg,175,817,278,913,Person
imgs/train/gates_video3_2600.jpg,161,850,254,942,Person
imgs/train/gates_video3_1200.jpg,75,592,151,684,Person
imgs/train/coupa_video1_6360.jpg,264,200,346,241,Person
imgs/train/coupa_video1_8240.jpg,1776,0,1848,38,Person
imgs/train/deathCircle_video0_9280.jpg,731,1087,774,1152,Person
imgs/train/coupa_video3_1020.jpg,1086,639,1135,678,Person
imgs/train/deathCircle_video0_6720.jpg,824,1331,848,1375,Person
imgs/train/hyang_video5_6920.jpg,125,1041,155,1099,Person
imgs/train/deathCircle_video0_10240.jpg,728,1051,769,1128,Person
imgs/train/bookstore_video0_8800.jpg,1184,661,1226,693,Person
imgs/train/gates_video3_80.jpg,419,70,445,133,Person
imgs/train/gates_video4_160.jpg,483,912,529,986,Person
imgs/train/hyang_video6_2560.jpg,694,330,741,369,Person
imgs/train/deathCircle_video0_2880.jpg,581,616,604,673,Person
imgs/train/gates_video4_2200.jpg,629,673,675,730,Person
imgs/train/gates_video3_3440.jpg,286,842,350,950,Person
imgs/train/gates_video3_1800.jpg,674,16,725,116,Person
imgs/train/bookstore_video3_10760.jpg,616,939,661,980,Person
imgs/train/gates_video3_4600.jpg,133,967,214,1026,Person
imgs/train/deathCircle_video0_7600.jpg,1057,389,1129,474,Car
imgs/train/gates_video4_120.jpg,914,776,954,867,Person
imgs/train/deathCircle_video0_12000.jpg,740,1375,762,1436,Person
imgs/train/coupa_video2_11080.jpg,814,667,907,749,Person
imgs/train/bookstore_video3_8240.jpg,1086,851,1160,890,Person
imgs/train/bookstore_video0_1200.jpg,520,963,557,997,Person
imgs/train/deathCircle_video0_9400.jpg,715,1538,744,1594,Person
imgs/train/gates_video4_2120.jpg,1254,1019,1282,1090,Person
imgs/train/bookstore_video3_10960.jpg,1204,467,1263,568,Person
imgs/train/deathCircle_video0_12040.jpg,507,661,622,730,Car
imgs/train/hyang_video5_7880.jpg,1181,883,1219,958,Person
imgs/train/gates_video3_560.jpg,147,950,204,1034,Person
imgs/train/gates_video3_6440.jpg,1147,1217,1205,1309,Person
imgs/train/deathCircle_video0_7680.jpg,1394,1225,1428,1274,Person
imgs/train/gates_video3_880.jpg,244,925,290,1034,Person
imgs/train/deathCircle_video0_1960.jpg,597,653,638,718,Person
imgs/train/deathCircle_video0_10600.jpg,722,438,762,487,Person
imgs/train/bookstore_video0_8040.jpg,326,578,377,612,Person
imgs/train/deathCircle_video0_5800.jpg,1482,1120,1534,1185,Person
imgs/train/coupa_video1_8640.jpg,0,282,77,321,Person
imgs/train/deathCircle_video0_5960.jpg,1405,1120,1455,1193,Person
imgs/train/bookstore_video0_7080.jpg,136,131,185,174,Person
imgs/train/deathCircle_video0_640.jpg,778,1193,833,1266,Person
imgs/train/bookstore_video3_1800.jpg,34,393,77,436,Person
imgs/train/bookstore_video3_520.jpg,941,152,1000,220,Person
imgs/train/gates_video3_5840.jpg,184,1247,220,1322,Person
imgs/train/hyang_video5_2520.jpg,817,929,902,1053,Person
imgs/train/coupa_video1_9720.jpg,1212,0,1270,40,Person
imgs/train/gates_video3_2040.jpg,348,1130,415,1205,Person
imgs/train/hyang_video5_7200.jpg,527,978,575,1049,Person
imgs/train/hyang_video5_3400.jpg,741,1032,777,1086,Person
imgs/train/deathCircle_video0_7520.jpg,1150,1132,1213,1185,Person
imgs/train/deathCircle_video0_6040.jpg,948,1314,984,1375,Person
imgs/train/little_video0_200.jpg,425,1863,476,1939,Person
imgs/train/bookstore_video0_6520.jpg,350,976,373,1004,Person
imgs/train/bookstore_video0_11880.jpg,899,936,933,976,Person
imgs/train/coupa_video2_5320.jpg,954,835,1020,904,Person
imgs/train/gates_video3_4440.jpg,115,1476,163,1559,Person
imgs/train/deathCircle_video0_5720.jpg,221,1180,239,1217,Person
imgs/train/gates_video4_880.jpg,693,1346,748,1432,Person
imgs/train/hyang_video5_2920.jpg,212,1103,264,1169,Person
imgs/train/bookstore_video0_10160.jpg,1151,335,1200,376,Person
imgs/train/gates_video3_6280.jpg,149,754,192,846,Person
imgs/train/gates_video3_1200.jpg,33,1071,145,1176,Person
imgs/train/coupa_video2_3120.jpg,1773,899,1828,944,Person
imgs/train/deathCircle_video0_800.jpg,246,1111,303,1164,Person
imgs/train/deathCircle_video0_7600.jpg,201,1034,264,1124,Person
imgs/train/hyang_video6_8320.jpg,721,782,759,810,Person
imgs/train/deathCircle_video0_9880.jpg,810,1883,844,1935,Person
imgs/train/coupa_video2_4520.jpg,1089,728,1146,774,Person
imgs/train/deathCircle_video0_7400.jpg,133,827,201,884,Person
imgs/train/hyang_video5_4040.jpg,644,1207,700,1277,Person
imgs/train/little_video1_1110.jpg,1226,818,1266,895,Person
imgs/train/deathCircle_video0_1440.jpg,593,994,631,1051,Person
imgs/train/deathCircle_video0_5480.jpg,1111,1152,1152,1209,Person
imgs/train/hyang_video6_6080.jpg,727,427,755,454,Person
imgs/train/deathCircle_video0_1200.jpg,803,1562,837,1635,Person
imgs/train/coupa_video1_11280.jpg,44,434,134,500,Person
imgs/train/deathCircle_video0_3520.jpg,1052,1140,1100,1205,Person
imgs/train/bookstore_video3_3280.jpg,51,1011,82,1034,Person
imgs/train/hyang_video5_40.jpg,222,891,282,987,Person
imgs/train/deathCircle_video0_8000.jpg,1410,1185,1435,1221,Person
imgs/train/bookstore_video0_6840.jpg,806,133,836,197,Person
imgs/train/coupa_video2_4960.jpg,536,965,616,997,Person
imgs/train/bookstore_video0_760.jpg,409,988,443,1022,Person
imgs/train/deathCircle_video0_5320.jpg,484,1148,532,1197,Person
imgs/train/bookstore_video0_4200.jpg,1208,686,1255,729,Person
imgs/train/gates_video3_5960.jpg,1163,1117,1211,1226,Person
imgs/train/gates_video3_1520.jpg,123,1459,212,1559,Person
imgs/train/deathCircle_video0_1400.jpg,903,365,934,422,Person
imgs/train/gates_video3_5720.jpg,489,713,533,763,Person
imgs/train/deathCircle_video0_6920.jpg,1596,1116,1625,1180,Person
imgs/train/deathCircle_video0_6320.jpg,790,332,817,377,Person
imgs/train/gates_video3_2280.jpg,145,1063,177,1109,Person
imgs/train/deathCircle_video0_2320.jpg,869,1160,921,1209,Person
imgs/train/gates_video3_1520.jpg,690,1322,767,1443,Person
imgs/train/hyang_video5_1560.jpg,961,559,987,609,Person
imgs/train/deathCircle_video0_1080.jpg,584,470,620,543,Person
imgs/train/hyang_video5_3520.jpg,898,958,991,1074,Person
imgs/train/deathCircle_video0_280.jpg,647,1189,674,1229,Person
imgs/train/coupa_video1_3560.jpg,495,163,613,211,Person
imgs/train/deathCircle_video0_9120.jpg,1122,1116,1172,1176,Person
imgs/train/bookstore_video3_3640.jpg,1103,946,1165,977,Person
imgs/train/hyang_video5_5720.jpg,448,1555,494,1638,Person
imgs/train/bookstore_video3_13840.jpg,951,157,1009,209,Person
imgs/train/gates_video3_5200.jpg,35,1226,99,1288,Person
imgs/train/deathCircle_video0_6000.jpg,357,1180,378,1217,Person
imgs/train/deathCircle_video2_360.jpg,809,122,845,216,Person
imgs/train/bookstore_video3_7400.jpg,749,177,796,206,Person
imgs/train/deathCircle_video0_5200.jpg,715,1010,747,1051,Person
imgs/train/bookstore_video0_8760.jpg,1283,256,1323,296,Person
imgs/train/deathCircle_video0_3680.jpg,941,340,982,401,Person
imgs/train/hyang_video5_8120.jpg,712,1401,751,1484,Person
imgs/train/deathCircle_video0_160.jpg,661,726,695,783,Person
imgs/train/little_video0_40.jpg,137,1661,202,1787,Person
